{
    "NDCG": {
        "NDCG@1": 0.82533,
        "NDCG@3": 0.89552,
        "NDCG@5": 0.90729,
        "NDCG@10": 0.91426
    },
    "MAP": {
        "MAP@1": 0.82533,
        "MAP@3": 0.87911,
        "MAP@5": 0.88578,
        "MAP@10": 0.88883
    },
    "Recall": {
        "Recall@1": 0.82533,
        "Recall@3": 0.94267,
        "Recall@5": 0.97067,
        "Recall@10": 0.99133
    },
    "Precision": {
        "P@1": 0.82533,
        "P@3": 0.31422,
        "P@5": 0.19413,
        "P@10": 0.09913
    },
    "Top-K Accuracy": {
        "Accuracy@1": 0.82533,
        "Accuracy@3": 0.94267,
        "Accuracy@5": 0.97067,
        "Accuracy@10": 0.99133
    }
}