{
    "NDCG": {
        "NDCG@1": 0.846,
        "NDCG@3": 0.90589,
        "NDCG@5": 0.91484,
        "NDCG@10": 0.92321
    },
    "MAP": {
        "MAP@1": 0.846,
        "MAP@3": 0.89111,
        "MAP@5": 0.89601,
        "MAP@10": 0.89969
    },
    "Recall": {
        "Recall@1": 0.846,
        "Recall@3": 0.94867,
        "Recall@5": 0.97067,
        "Recall@10": 0.99533
    },
    "Precision": {
        "P@1": 0.846,
        "P@3": 0.31622,
        "P@5": 0.19413,
        "P@10": 0.09953
    },
    "Top-K Accuracy": {
        "Accuracy@1": 0.846,
        "Accuracy@3": 0.94867,
        "Accuracy@5": 0.97067,
        "Accuracy@10": 0.99533
    }
}