{
    "NDCG": {
        "NDCG@1": 0.892,
        "NDCG@3": 0.93833,
        "NDCG@5": 0.94628,
        "NDCG@10": 0.94932
    },
    "MAP": {
        "MAP@1": 0.892,
        "MAP@3": 0.92733,
        "MAP@5": 0.93173,
        "MAP@10": 0.93299
    },
    "Recall": {
        "Recall@1": 0.892,
        "Recall@3": 0.97,
        "Recall@5": 0.98933,
        "Recall@10": 0.99867
    },
    "Precision": {
        "P@1": 0.892,
        "P@3": 0.32333,
        "P@5": 0.19787,
        "P@10": 0.09987
    },
    "Top-K Accuracy": {
        "Accuracy@1": 0.892,
        "Accuracy@3": 0.97,
        "Accuracy@5": 0.98933,
        "Accuracy@10": 0.99867
    }
}