{
    "NDCG": {
        "NDCG@1": 0.772,
        "NDCG@3": 0.8505,
        "NDCG@5": 0.86702,
        "NDCG@10": 0.87816
    },
    "MAP": {
        "MAP@1": 0.772,
        "MAP@3": 0.83211,
        "MAP@5": 0.84131,
        "MAP@10": 0.84612
    },
    "Recall": {
        "Recall@1": 0.772,
        "Recall@3": 0.90333,
        "Recall@5": 0.94333,
        "Recall@10": 0.97667
    },
    "Precision": {
        "P@1": 0.772,
        "P@3": 0.30111,
        "P@5": 0.18867,
        "P@10": 0.09767
    },
    "Top-K Accuracy": {
        "Accuracy@1": 0.772,
        "Accuracy@3": 0.90333,
        "Accuracy@5": 0.94333,
        "Accuracy@10": 0.97667
    }
}