{
    "NDCG": {
        "NDCG@1": 0.77933,
        "NDCG@3": 0.85394,
        "NDCG@5": 0.87207,
        "NDCG@10": 0.88234
    },
    "MAP": {
        "MAP@1": 0.77933,
        "MAP@3": 0.83611,
        "MAP@5": 0.84618,
        "MAP@10": 0.85049
    },
    "Recall": {
        "Recall@1": 0.77933,
        "Recall@3": 0.90533,
        "Recall@5": 0.94933,
        "Recall@10": 0.98067
    },
    "Precision": {
        "P@1": 0.77933,
        "P@3": 0.30178,
        "P@5": 0.18987,
        "P@10": 0.09807
    },
    "Top-K Accuracy": {
        "Accuracy@1": 0.77933,
        "Accuracy@3": 0.90533,
        "Accuracy@5": 0.94933,
        "Accuracy@10": 0.98067
    }
}