{
    "NDCG": {
        "NDCG@1": 0.83,
        "NDCG@3": 0.89478,
        "NDCG@5": 0.90648,
        "NDCG@10": 0.9155
    },
    "MAP": {
        "MAP@1": 0.83,
        "MAP@3": 0.87911,
        "MAP@5": 0.88571,
        "MAP@10": 0.88954
    },
    "Recall": {
        "Recall@1": 0.83,
        "Recall@3": 0.94,
        "Recall@5": 0.968,
        "Recall@10": 0.99533
    },
    "Precision": {
        "P@1": 0.83,
        "P@3": 0.31333,
        "P@5": 0.1936,
        "P@10": 0.09953
    },
    "Top-K Accuracy": {
        "Accuracy@1": 0.83,
        "Accuracy@3": 0.94,
        "Accuracy@5": 0.968,
        "Accuracy@10": 0.99533
    }
}