{
  "dataset_revision": "ae763399273d8b20506b80cf6f6f9a31a6a2b238",
  "task_name": "MedicalQARetrieval",
  "mteb_version": "1.31.3",
  "scores": {
    "test": [
      {
        "ndcg_at_1": 0.45898,
        "ndcg_at_3": 0.6185,
        "ndcg_at_5": 0.65,
        "ndcg_at_10": 0.67508,
        "ndcg_at_20": 0.68558,
        "ndcg_at_100": 0.69414,
        "ndcg_at_1000": 0.69732,
        "map_at_1": 0.45898,
        "map_at_3": 0.57959,
        "map_at_5": 0.59714,
        "map_at_10": 0.60767,
        "map_at_20": 0.61062,
        "map_at_100": 0.6119,
        "map_at_1000": 0.61201,
        "recall_at_1": 0.45898,
        "recall_at_3": 0.73096,
        "recall_at_5": 0.80713,
        "recall_at_10": 0.88379,
        "recall_at_20": 0.9248,
        "recall_at_100": 0.96973,
        "recall_at_1000": 0.99512,
        "precision_at_1": 0.45898,
        "precision_at_3": 0.24365,
        "precision_at_5": 0.16143,
        "precision_at_10": 0.08838,
        "precision_at_20": 0.04624,
        "precision_at_100": 0.0097,
        "precision_at_1000": 0.001,
        "mrr_at_1": 0.459473,
        "mrr_at_3": 0.579753,
        "mrr_at_5": 0.597282,
        "mrr_at_10": 0.607808,
        "mrr_at_20": 0.610754,
        "mrr_at_100": 0.612034,
        "mrr_at_1000": 0.612149,
        "nauc_ndcg_at_1_max": 0.19489,
        "nauc_ndcg_at_1_std": -0.125969,
        "nauc_ndcg_at_1_diff1": 0.355239,
        "nauc_ndcg_at_3_max": 0.211652,
        "nauc_ndcg_at_3_std": -0.165289,
        "nauc_ndcg_at_3_diff1": 0.284552,
        "nauc_ndcg_at_5_max": 0.213182,
        "nauc_ndcg_at_5_std": -0.16554,
        "nauc_ndcg_at_5_diff1": 0.286112,
        "nauc_ndcg_at_10_max": 0.230428,
        "nauc_ndcg_at_10_std": -0.157928,
        "nauc_ndcg_at_10_diff1": 0.291285,
        "nauc_ndcg_at_20_max": 0.227896,
        "nauc_ndcg_at_20_std": -0.149076,
        "nauc_ndcg_at_20_diff1": 0.289428,
        "nauc_ndcg_at_100_max": 0.223884,
        "nauc_ndcg_at_100_std": -0.13677,
        "nauc_ndcg_at_100_diff1": 0.295133,
        "nauc_ndcg_at_1000_max": 0.21881,
        "nauc_ndcg_at_1000_std": -0.142569,
        "nauc_ndcg_at_1000_diff1": 0.297512,
        "nauc_map_at_1_max": 0.19489,
        "nauc_map_at_1_std": -0.125969,
        "nauc_map_at_1_diff1": 0.355239,
        "nauc_map_at_3_max": 0.20782,
        "nauc_map_at_3_std": -0.154095,
        "nauc_map_at_3_diff1": 0.303298,
        "nauc_map_at_5_max": 0.208181,
        "nauc_map_at_5_std": -0.15372,
        "nauc_map_at_5_diff1": 0.304888,
        "nauc_map_at_10_max": 0.214295,
        "nauc_map_at_10_std": -0.150909,
        "nauc_map_at_10_diff1": 0.307294,
        "nauc_map_at_20_max": 0.213617,
        "nauc_map_at_20_std": -0.148747,
        "nauc_map_at_20_diff1": 0.306925,
        "nauc_map_at_100_max": 0.213256,
        "nauc_map_at_100_std": -0.146676,
        "nauc_map_at_100_diff1": 0.307501,
        "nauc_map_at_1000_max": 0.213091,
        "nauc_map_at_1000_std": -0.146821,
        "nauc_map_at_1000_diff1": 0.30757,
        "nauc_recall_at_1_max": 0.19489,
        "nauc_recall_at_1_std": -0.125969,
        "nauc_recall_at_1_diff1": 0.355239,
        "nauc_recall_at_3_max": 0.225454,
        "nauc_recall_at_3_std": -0.207048,
        "nauc_recall_at_3_diff1": 0.215347,
        "nauc_recall_at_5_max": 0.236775,
        "nauc_recall_at_5_std": -0.220951,
        "nauc_recall_at_5_diff1": 0.199557,
        "nauc_recall_at_10_max": 0.361815,
        "nauc_recall_at_10_std": -0.199589,
        "nauc_recall_at_10_diff1": 0.183406,
        "nauc_recall_at_20_max": 0.396967,
        "nauc_recall_at_20_std": -0.114574,
        "nauc_recall_at_20_diff1": 0.10759,
        "nauc_recall_at_100_max": 0.466794,
        "nauc_recall_at_100_std": 0.338705,
        "nauc_recall_at_100_diff1": 0.078977,
        "nauc_recall_at_1000_max": -0.065202,
        "nauc_recall_at_1000_std": 0.65152,
        "nauc_recall_at_1000_diff1": -0.169313,
        "nauc_precision_at_1_max": 0.19489,
        "nauc_precision_at_1_std": -0.125969,
        "nauc_precision_at_1_diff1": 0.355239,
        "nauc_precision_at_3_max": 0.225454,
        "nauc_precision_at_3_std": -0.207048,
        "nauc_precision_at_3_diff1": 0.215347,
        "nauc_precision_at_5_max": 0.236775,
        "nauc_precision_at_5_std": -0.220951,
        "nauc_precision_at_5_diff1": 0.199557,
        "nauc_precision_at_10_max": 0.361815,
        "nauc_precision_at_10_std": -0.199589,
        "nauc_precision_at_10_diff1": 0.183406,
        "nauc_precision_at_20_max": 0.396967,
        "nauc_precision_at_20_std": -0.114574,
        "nauc_precision_at_20_diff1": 0.10759,
        "nauc_precision_at_100_max": 0.466794,
        "nauc_precision_at_100_std": 0.338705,
        "nauc_precision_at_100_diff1": 0.078977,
        "nauc_precision_at_1000_max": -0.065202,
        "nauc_precision_at_1000_std": 0.65152,
        "nauc_precision_at_1000_diff1": -0.169313,
        "nauc_mrr_at_1_max": 0.19443,
        "nauc_mrr_at_1_std": -0.124408,
        "nauc_mrr_at_1_diff1": 0.353925,
        "nauc_mrr_at_3_max": 0.20756,
        "nauc_mrr_at_3_std": -0.152753,
        "nauc_mrr_at_3_diff1": 0.30275,
        "nauc_mrr_at_5_max": 0.208102,
        "nauc_mrr_at_5_std": -0.152263,
        "nauc_mrr_at_5_diff1": 0.304381,
        "nauc_mrr_at_10_max": 0.214212,
        "nauc_mrr_at_10_std": -0.149557,
        "nauc_mrr_at_10_diff1": 0.306771,
        "nauc_mrr_at_20_max": 0.213534,
        "nauc_mrr_at_20_std": -0.147382,
        "nauc_mrr_at_20_diff1": 0.306397,
        "nauc_mrr_at_100_max": 0.213173,
        "nauc_mrr_at_100_std": -0.145306,
        "nauc_mrr_at_100_diff1": 0.306969,
        "nauc_mrr_at_1000_max": 0.213008,
        "nauc_mrr_at_1000_std": -0.14545,
        "nauc_mrr_at_1000_diff1": 0.307037,
        "main_score": 0.67508,
        "hf_subset": "default",
        "languages": [
          "eng-Latn"
        ]
      }
    ]
  },
  "evaluation_time": 159.82068991661072,
  "kg_co2_emissions": null
}