{
  "dataset_revision": "ad9991cb51e31e31e430383c75ffb2885547b5f0",
  "task_name": "CQADupstackEnglishRetrieval",
  "mteb_version": "1.31.3",
  "scores": {
    "test": [
      {
        "ndcg_at_1": 0.40191,
        "ndcg_at_3": 0.45819,
        "ndcg_at_5": 0.48135,
        "ndcg_at_10": 0.50919,
        "ndcg_at_20": 0.52724,
        "ndcg_at_100": 0.55448,
        "ndcg_at_1000": 0.5731,
        "map_at_1": 0.32164,
        "map_at_3": 0.40743,
        "map_at_5": 0.42726,
        "map_at_10": 0.44396,
        "map_at_20": 0.4518,
        "map_at_100": 0.45855,
        "map_at_1000": 0.45991,
        "recall_at_1": 0.32164,
        "recall_at_3": 0.47975,
        "recall_at_5": 0.54495,
        "recall_at_10": 0.62904,
        "recall_at_20": 0.69393,
        "recall_at_100": 0.81648,
        "recall_at_1000": 0.9302,
        "precision_at_1": 0.40191,
        "precision_at_3": 0.22654,
        "precision_at_5": 0.1614,
        "precision_at_10": 0.09962,
        "precision_at_20": 0.05892,
        "precision_at_100": 0.01614,
        "precision_at_1000": 0.00208,
        "mrr_at_1": 0.401911,
        "mrr_at_3": 0.477176,
        "mrr_at_5": 0.49224,
        "mrr_at_10": 0.502872,
        "mrr_at_20": 0.506482,
        "mrr_at_100": 0.508917,
        "mrr_at_1000": 0.509312,
        "nauc_ndcg_at_1_max": 0.419453,
        "nauc_ndcg_at_1_std": -0.031259,
        "nauc_ndcg_at_1_diff1": 0.512838,
        "nauc_ndcg_at_3_max": 0.417485,
        "nauc_ndcg_at_3_std": -0.037826,
        "nauc_ndcg_at_3_diff1": 0.482863,
        "nauc_ndcg_at_5_max": 0.42304,
        "nauc_ndcg_at_5_std": -0.039921,
        "nauc_ndcg_at_5_diff1": 0.4828,
        "nauc_ndcg_at_10_max": 0.432445,
        "nauc_ndcg_at_10_std": -0.03533,
        "nauc_ndcg_at_10_diff1": 0.488466,
        "nauc_ndcg_at_20_max": 0.43961,
        "nauc_ndcg_at_20_std": -0.023241,
        "nauc_ndcg_at_20_diff1": 0.489666,
        "nauc_ndcg_at_100_max": 0.443882,
        "nauc_ndcg_at_100_std": 0.00201,
        "nauc_ndcg_at_100_diff1": 0.482442,
        "nauc_ndcg_at_1000_max": 0.443395,
        "nauc_ndcg_at_1000_std": 0.004965,
        "nauc_ndcg_at_1000_diff1": 0.482406,
        "nauc_map_at_1_max": 0.343277,
        "nauc_map_at_1_std": -0.121723,
        "nauc_map_at_1_diff1": 0.547073,
        "nauc_map_at_3_max": 0.384166,
        "nauc_map_at_3_std": -0.09797,
        "nauc_map_at_3_diff1": 0.50666,
        "nauc_map_at_5_max": 0.397303,
        "nauc_map_at_5_std": -0.087919,
        "nauc_map_at_5_diff1": 0.505454,
        "nauc_map_at_10_max": 0.409073,
        "nauc_map_at_10_std": -0.077181,
        "nauc_map_at_10_diff1": 0.507528,
        "nauc_map_at_20_max": 0.414436,
        "nauc_map_at_20_std": -0.067139,
        "nauc_map_at_20_diff1": 0.50578,
        "nauc_map_at_100_max": 0.418634,
        "nauc_map_at_100_std": -0.055427,
        "nauc_map_at_100_diff1": 0.503001,
        "nauc_map_at_1000_max": 0.418964,
        "nauc_map_at_1000_std": -0.053668,
        "nauc_map_at_1000_diff1": 0.502632,
        "nauc_recall_at_1_max": 0.343277,
        "nauc_recall_at_1_std": -0.121723,
        "nauc_recall_at_1_diff1": 0.547073,
        "nauc_recall_at_3_max": 0.378793,
        "nauc_recall_at_3_std": -0.087315,
        "nauc_recall_at_3_diff1": 0.459584,
        "nauc_recall_at_5_max": 0.39258,
        "nauc_recall_at_5_std": -0.067117,
        "nauc_recall_at_5_diff1": 0.440633,
        "nauc_recall_at_10_max": 0.418321,
        "nauc_recall_at_10_std": -0.041639,
        "nauc_recall_at_10_diff1": 0.442195,
        "nauc_recall_at_20_max": 0.449256,
        "nauc_recall_at_20_std": 0.010616,
        "nauc_recall_at_20_diff1": 0.442486,
        "nauc_recall_at_100_max": 0.495146,
        "nauc_recall_at_100_std": 0.213776,
        "nauc_recall_at_100_diff1": 0.388759,
        "nauc_recall_at_1000_max": 0.610817,
        "nauc_recall_at_1000_std": 0.463555,
        "nauc_recall_at_1000_diff1": 0.388692,
        "nauc_precision_at_1_max": 0.419453,
        "nauc_precision_at_1_std": -0.031259,
        "nauc_precision_at_1_diff1": 0.512838,
        "nauc_precision_at_3_max": 0.402671,
        "nauc_precision_at_3_std": 0.103014,
        "nauc_precision_at_3_diff1": 0.26036,
        "nauc_precision_at_5_max": 0.394447,
        "nauc_precision_at_5_std": 0.165785,
        "nauc_precision_at_5_diff1": 0.187945,
        "nauc_precision_at_10_max": 0.355499,
        "nauc_precision_at_10_std": 0.247131,
        "nauc_precision_at_10_diff1": 0.097917,
        "nauc_precision_at_20_max": 0.30024,
        "nauc_precision_at_20_std": 0.325509,
        "nauc_precision_at_20_diff1": 0.006008,
        "nauc_precision_at_100_max": 0.194131,
        "nauc_precision_at_100_std": 0.43779,
        "nauc_precision_at_100_diff1": -0.127177,
        "nauc_precision_at_1000_max": 0.086098,
        "nauc_precision_at_1000_std": 0.400041,
        "nauc_precision_at_1000_diff1": -0.200931,
        "nauc_mrr_at_1_max": 0.419453,
        "nauc_mrr_at_1_std": -0.031259,
        "nauc_mrr_at_1_diff1": 0.512838,
        "nauc_mrr_at_3_max": 0.430698,
        "nauc_mrr_at_3_std": -0.006651,
        "nauc_mrr_at_3_diff1": 0.478226,
        "nauc_mrr_at_5_max": 0.433483,
        "nauc_mrr_at_5_std": -0.001297,
        "nauc_mrr_at_5_diff1": 0.474137,
        "nauc_mrr_at_10_max": 0.43452,
        "nauc_mrr_at_10_std": -7e-06,
        "nauc_mrr_at_10_diff1": 0.474897,
        "nauc_mrr_at_20_max": 0.435989,
        "nauc_mrr_at_20_std": 0.001155,
        "nauc_mrr_at_20_diff1": 0.476264,
        "nauc_mrr_at_100_max": 0.435494,
        "nauc_mrr_at_100_std": 0.002022,
        "nauc_mrr_at_100_diff1": 0.475963,
        "nauc_mrr_at_1000_max": 0.435548,
        "nauc_mrr_at_1000_std": 0.002003,
        "nauc_mrr_at_1000_diff1": 0.476132,
        "main_score": 0.50919,
        "hf_subset": "default",
        "languages": [
          "eng-Latn"
        ]
      }
    ]
  },
  "evaluation_time": 1827.8204190731049,
  "kg_co2_emissions": null
}