{
  "dataset_revision": "ad9991cb51e31e31e430383c75ffb2885547b5f0",
  "task_name": "CQADupstackEnglishRetrieval",
  "mteb_version": "1.31.3",
  "scores": {
    "test": [
      {
        "ndcg_at_1": 0.46306,
        "ndcg_at_3": 0.50861,
        "ndcg_at_5": 0.53169,
        "ndcg_at_10": 0.55838,
        "ndcg_at_20": 0.57707,
        "ndcg_at_100": 0.60097,
        "ndcg_at_1000": 0.61785,
        "map_at_1": 0.37006,
        "map_at_3": 0.45852,
        "map_at_5": 0.47897,
        "map_at_10": 0.49532,
        "map_at_20": 0.50329,
        "map_at_100": 0.5095,
        "map_at_1000": 0.51079,
        "recall_at_1": 0.37006,
        "recall_at_3": 0.52806,
        "recall_at_5": 0.5921,
        "recall_at_10": 0.67413,
        "recall_at_20": 0.73947,
        "recall_at_100": 0.84343,
        "recall_at_1000": 0.94315,
        "precision_at_1": 0.46306,
        "precision_at_3": 0.24437,
        "precision_at_5": 0.1735,
        "precision_at_10": 0.10497,
        "precision_at_20": 0.06159,
        "precision_at_100": 0.01635,
        "precision_at_1000": 0.0021,
        "mrr_at_1": 0.463057,
        "mrr_at_3": 0.531104,
        "mrr_at_5": 0.544798,
        "mrr_at_10": 0.554729,
        "mrr_at_20": 0.558525,
        "mrr_at_100": 0.560638,
        "mrr_at_1000": 0.560966,
        "nauc_ndcg_at_1_max": 0.502229,
        "nauc_ndcg_at_1_std": -0.052649,
        "nauc_ndcg_at_1_diff1": 0.522391,
        "nauc_ndcg_at_3_max": 0.516436,
        "nauc_ndcg_at_3_std": -0.075914,
        "nauc_ndcg_at_3_diff1": 0.501661,
        "nauc_ndcg_at_5_max": 0.521325,
        "nauc_ndcg_at_5_std": -0.0665,
        "nauc_ndcg_at_5_diff1": 0.499562,
        "nauc_ndcg_at_10_max": 0.529711,
        "nauc_ndcg_at_10_std": -0.046658,
        "nauc_ndcg_at_10_diff1": 0.497364,
        "nauc_ndcg_at_20_max": 0.534184,
        "nauc_ndcg_at_20_std": -0.030203,
        "nauc_ndcg_at_20_diff1": 0.49495,
        "nauc_ndcg_at_100_max": 0.534365,
        "nauc_ndcg_at_100_std": -0.014845,
        "nauc_ndcg_at_100_diff1": 0.493656,
        "nauc_ndcg_at_1000_max": 0.532966,
        "nauc_ndcg_at_1000_std": -0.02133,
        "nauc_ndcg_at_1000_diff1": 0.499406,
        "nauc_map_at_1_max": 0.437522,
        "nauc_map_at_1_std": -0.113466,
        "nauc_map_at_1_diff1": 0.553065,
        "nauc_map_at_3_max": 0.491837,
        "nauc_map_at_3_std": -0.110139,
        "nauc_map_at_3_diff1": 0.52572,
        "nauc_map_at_5_max": 0.500399,
        "nauc_map_at_5_std": -0.09844,
        "nauc_map_at_5_diff1": 0.521253,
        "nauc_map_at_10_max": 0.507133,
        "nauc_map_at_10_std": -0.084588,
        "nauc_map_at_10_diff1": 0.516762,
        "nauc_map_at_20_max": 0.511157,
        "nauc_map_at_20_std": -0.075192,
        "nauc_map_at_20_diff1": 0.514925,
        "nauc_map_at_100_max": 0.513196,
        "nauc_map_at_100_std": -0.067703,
        "nauc_map_at_100_diff1": 0.513337,
        "nauc_map_at_1000_max": 0.513369,
        "nauc_map_at_1000_std": -0.06733,
        "nauc_map_at_1000_diff1": 0.513445,
        "nauc_recall_at_1_max": 0.437522,
        "nauc_recall_at_1_std": -0.113466,
        "nauc_recall_at_1_diff1": 0.553065,
        "nauc_recall_at_3_max": 0.49919,
        "nauc_recall_at_3_std": -0.112477,
        "nauc_recall_at_3_diff1": 0.483928,
        "nauc_recall_at_5_max": 0.508312,
        "nauc_recall_at_5_std": -0.078769,
        "nauc_recall_at_5_diff1": 0.464616,
        "nauc_recall_at_10_max": 0.526983,
        "nauc_recall_at_10_std": -0.010913,
        "nauc_recall_at_10_diff1": 0.440875,
        "nauc_recall_at_20_max": 0.548065,
        "nauc_recall_at_20_std": 0.075023,
        "nauc_recall_at_20_diff1": 0.418367,
        "nauc_recall_at_100_max": 0.571615,
        "nauc_recall_at_100_std": 0.248307,
        "nauc_recall_at_100_diff1": 0.396992,
        "nauc_recall_at_1000_max": 0.669344,
        "nauc_recall_at_1000_std": 0.43093,
        "nauc_recall_at_1000_diff1": 0.510417,
        "nauc_precision_at_1_max": 0.502229,
        "nauc_precision_at_1_std": -0.052649,
        "nauc_precision_at_1_diff1": 0.522391,
        "nauc_precision_at_3_max": 0.429305,
        "nauc_precision_at_3_std": 0.035066,
        "nauc_precision_at_3_diff1": 0.256439,
        "nauc_precision_at_5_max": 0.373946,
        "nauc_precision_at_5_std": 0.10072,
        "nauc_precision_at_5_diff1": 0.157029,
        "nauc_precision_at_10_max": 0.290072,
        "nauc_precision_at_10_std": 0.177295,
        "nauc_precision_at_10_diff1": 0.045588,
        "nauc_precision_at_20_max": 0.207137,
        "nauc_precision_at_20_std": 0.231944,
        "nauc_precision_at_20_diff1": -0.043186,
        "nauc_precision_at_100_max": 0.078324,
        "nauc_precision_at_100_std": 0.296552,
        "nauc_precision_at_100_diff1": -0.154611,
        "nauc_precision_at_1000_max": -0.034083,
        "nauc_precision_at_1000_std": 0.218856,
        "nauc_precision_at_1000_diff1": -0.176854,
        "nauc_mrr_at_1_max": 0.502229,
        "nauc_mrr_at_1_std": -0.052649,
        "nauc_mrr_at_1_diff1": 0.522391,
        "nauc_mrr_at_3_max": 0.530939,
        "nauc_mrr_at_3_std": -0.044498,
        "nauc_mrr_at_3_diff1": 0.494837,
        "nauc_mrr_at_5_max": 0.532606,
        "nauc_mrr_at_5_std": -0.035644,
        "nauc_mrr_at_5_diff1": 0.492043,
        "nauc_mrr_at_10_max": 0.533096,
        "nauc_mrr_at_10_std": -0.031178,
        "nauc_mrr_at_10_diff1": 0.492857,
        "nauc_mrr_at_20_max": 0.53269,
        "nauc_mrr_at_20_std": -0.029336,
        "nauc_mrr_at_20_diff1": 0.492801,
        "nauc_mrr_at_100_max": 0.532369,
        "nauc_mrr_at_100_std": -0.028945,
        "nauc_mrr_at_100_diff1": 0.493108,
        "nauc_mrr_at_1000_max": 0.53235,
        "nauc_mrr_at_1000_std": -0.029246,
        "nauc_mrr_at_1000_diff1": 0.493275,
        "main_score": 0.55838,
        "hf_subset": "default",
        "languages": [
          "eng-Latn"
        ]
      }
    ]
  },
  "evaluation_time": 882.8228249549866,
  "kg_co2_emissions": null
}