{
  "dataset_revision": "ae763399273d8b20506b80cf6f6f9a31a6a2b238",
  "task_name": "MedicalQARetrieval",
  "mteb_version": "1.31.3",
  "scores": {
    "test": [
      {
        "ndcg_at_1": 0.66504,
        "ndcg_at_3": 0.76081,
        "ndcg_at_5": 0.78155,
        "ndcg_at_10": 0.79741,
        "ndcg_at_20": 0.8047,
        "ndcg_at_100": 0.80958,
        "ndcg_at_1000": 0.81198,
        "map_at_1": 0.66504,
        "map_at_3": 0.73796,
        "map_at_5": 0.7496,
        "map_at_10": 0.75618,
        "map_at_20": 0.75825,
        "map_at_100": 0.75895,
        "map_at_1000": 0.75904,
        "recall_at_1": 0.66504,
        "recall_at_3": 0.82666,
        "recall_at_5": 0.87646,
        "recall_at_10": 0.92529,
        "recall_at_20": 0.95361,
        "recall_at_100": 0.97949,
        "recall_at_1000": 0.99854,
        "precision_at_1": 0.66504,
        "precision_at_3": 0.27555,
        "precision_at_5": 0.17529,
        "precision_at_10": 0.09253,
        "precision_at_20": 0.04768,
        "precision_at_100": 0.00979,
        "precision_at_1000": 0.001,
        "mrr_at_1": 0.665039,
        "mrr_at_3": 0.737956,
        "mrr_at_5": 0.749601,
        "mrr_at_10": 0.756178,
        "mrr_at_20": 0.758253,
        "mrr_at_100": 0.758955,
        "mrr_at_1000": 0.759044,
        "nauc_ndcg_at_1_max": 0.43461,
        "nauc_ndcg_at_1_std": -0.087004,
        "nauc_ndcg_at_1_diff1": 0.692487,
        "nauc_ndcg_at_3_max": 0.419604,
        "nauc_ndcg_at_3_std": -0.127093,
        "nauc_ndcg_at_3_diff1": 0.6438,
        "nauc_ndcg_at_5_max": 0.418455,
        "nauc_ndcg_at_5_std": -0.135669,
        "nauc_ndcg_at_5_diff1": 0.642741,
        "nauc_ndcg_at_10_max": 0.4278,
        "nauc_ndcg_at_10_std": -0.144777,
        "nauc_ndcg_at_10_diff1": 0.641875,
        "nauc_ndcg_at_20_max": 0.42665,
        "nauc_ndcg_at_20_std": -0.123405,
        "nauc_ndcg_at_20_diff1": 0.64456,
        "nauc_ndcg_at_100_max": 0.427391,
        "nauc_ndcg_at_100_std": -0.113406,
        "nauc_ndcg_at_100_diff1": 0.650368,
        "nauc_ndcg_at_1000_max": 0.425305,
        "nauc_ndcg_at_1000_std": -0.116905,
        "nauc_ndcg_at_1000_diff1": 0.65203,
        "nauc_map_at_1_max": 0.43461,
        "nauc_map_at_1_std": -0.087004,
        "nauc_map_at_1_diff1": 0.692487,
        "nauc_map_at_3_max": 0.421857,
        "nauc_map_at_3_std": -0.115533,
        "nauc_map_at_3_diff1": 0.656807,
        "nauc_map_at_5_max": 0.42147,
        "nauc_map_at_5_std": -0.119251,
        "nauc_map_at_5_diff1": 0.657119,
        "nauc_map_at_10_max": 0.424765,
        "nauc_map_at_10_std": -0.122027,
        "nauc_map_at_10_diff1": 0.657129,
        "nauc_map_at_20_max": 0.424533,
        "nauc_map_at_20_std": -0.117005,
        "nauc_map_at_20_diff1": 0.657917,
        "nauc_map_at_100_max": 0.424624,
        "nauc_map_at_100_std": -0.11543,
        "nauc_map_at_100_diff1": 0.658675,
        "nauc_map_at_1000_max": 0.424533,
        "nauc_map_at_1000_std": -0.115457,
        "nauc_map_at_1000_diff1": 0.658711,
        "nauc_recall_at_1_max": 0.43461,
        "nauc_recall_at_1_std": -0.087004,
        "nauc_recall_at_1_diff1": 0.692487,
        "nauc_recall_at_3_max": 0.411823,
        "nauc_recall_at_3_std": -0.173277,
        "nauc_recall_at_3_diff1": 0.592438,
        "nauc_recall_at_5_max": 0.403993,
        "nauc_recall_at_5_std": -0.223032,
        "nauc_recall_at_5_diff1": 0.568156,
        "nauc_recall_at_10_max": 0.464846,
        "nauc_recall_at_10_std": -0.342869,
        "nauc_recall_at_10_diff1": 0.517583,
        "nauc_recall_at_20_max": 0.468888,
        "nauc_recall_at_20_std": -0.152382,
        "nauc_recall_at_20_diff1": 0.479932,
        "nauc_recall_at_100_max": 0.551897,
        "nauc_recall_at_100_std": 0.183469,
        "nauc_recall_at_100_diff1": 0.513431,
        "nauc_recall_at_1000_max": 0.565963,
        "nauc_recall_at_1000_std": 0.391581,
        "nauc_recall_at_1000_diff1": 0.322598,
        "nauc_precision_at_1_max": 0.43461,
        "nauc_precision_at_1_std": -0.087004,
        "nauc_precision_at_1_diff1": 0.692487,
        "nauc_precision_at_3_max": 0.411823,
        "nauc_precision_at_3_std": -0.173277,
        "nauc_precision_at_3_diff1": 0.592438,
        "nauc_precision_at_5_max": 0.403993,
        "nauc_precision_at_5_std": -0.223032,
        "nauc_precision_at_5_diff1": 0.568156,
        "nauc_precision_at_10_max": 0.464846,
        "nauc_precision_at_10_std": -0.342869,
        "nauc_precision_at_10_diff1": 0.517583,
        "nauc_precision_at_20_max": 0.468888,
        "nauc_precision_at_20_std": -0.152382,
        "nauc_precision_at_20_diff1": 0.479932,
        "nauc_precision_at_100_max": 0.551897,
        "nauc_precision_at_100_std": 0.183469,
        "nauc_precision_at_100_diff1": 0.513431,
        "nauc_precision_at_1000_max": 0.565963,
        "nauc_precision_at_1000_std": 0.391581,
        "nauc_precision_at_1000_diff1": 0.322598,
        "nauc_mrr_at_1_max": 0.43461,
        "nauc_mrr_at_1_std": -0.087004,
        "nauc_mrr_at_1_diff1": 0.692487,
        "nauc_mrr_at_3_max": 0.421857,
        "nauc_mrr_at_3_std": -0.115533,
        "nauc_mrr_at_3_diff1": 0.656807,
        "nauc_mrr_at_5_max": 0.42147,
        "nauc_mrr_at_5_std": -0.119251,
        "nauc_mrr_at_5_diff1": 0.657119,
        "nauc_mrr_at_10_max": 0.424765,
        "nauc_mrr_at_10_std": -0.122027,
        "nauc_mrr_at_10_diff1": 0.657129,
        "nauc_mrr_at_20_max": 0.424533,
        "nauc_mrr_at_20_std": -0.117005,
        "nauc_mrr_at_20_diff1": 0.657917,
        "nauc_mrr_at_100_max": 0.424623,
        "nauc_mrr_at_100_std": -0.115432,
        "nauc_mrr_at_100_diff1": 0.658675,
        "nauc_mrr_at_1000_max": 0.424531,
        "nauc_mrr_at_1000_std": -0.115459,
        "nauc_mrr_at_1000_diff1": 0.658711,
        "main_score": 0.79741,
        "hf_subset": "default",
        "languages": [
          "eng-Latn"
        ]
      }
    ]
  },
  "evaluation_time": 113.54679489135742,
  "kg_co2_emissions": null
}