{
  "dataset_revision": "ae763399273d8b20506b80cf6f6f9a31a6a2b238",
  "task_name": "MedicalQARetrieval",
  "mteb_version": "1.31.3",
  "scores": {
    "test": [
      {
        "ndcg_at_1": 0.50635,
        "ndcg_at_3": 0.65027,
        "ndcg_at_5": 0.67878,
        "ndcg_at_10": 0.6991,
        "ndcg_at_20": 0.70951,
        "ndcg_at_100": 0.71754,
        "ndcg_at_1000": 0.72101,
        "map_at_1": 0.50635,
        "map_at_3": 0.6145,
        "map_at_5": 0.63042,
        "map_at_10": 0.63896,
        "map_at_20": 0.6419,
        "map_at_100": 0.64308,
        "map_at_1000": 0.6432,
        "recall_at_1": 0.50635,
        "recall_at_3": 0.75391,
        "recall_at_5": 0.82275,
        "recall_at_10": 0.88477,
        "recall_at_20": 0.92529,
        "recall_at_100": 0.96777,
        "recall_at_1000": 0.99561,
        "precision_at_1": 0.50635,
        "precision_at_3": 0.2513,
        "precision_at_5": 0.16455,
        "precision_at_10": 0.08848,
        "precision_at_20": 0.04626,
        "precision_at_100": 0.00968,
        "precision_at_1000": 0.001,
        "mrr_at_1": 0.506348,
        "mrr_at_3": 0.614339,
        "mrr_at_5": 0.630379,
        "mrr_at_10": 0.638919,
        "mrr_at_20": 0.641862,
        "mrr_at_100": 0.643037,
        "mrr_at_1000": 0.643158,
        "nauc_ndcg_at_1_max": 0.375374,
        "nauc_ndcg_at_1_std": -0.035104,
        "nauc_ndcg_at_1_diff1": 0.512303,
        "nauc_ndcg_at_3_max": 0.345036,
        "nauc_ndcg_at_3_std": -0.082874,
        "nauc_ndcg_at_3_diff1": 0.427225,
        "nauc_ndcg_at_5_max": 0.350651,
        "nauc_ndcg_at_5_std": -0.066732,
        "nauc_ndcg_at_5_diff1": 0.431451,
        "nauc_ndcg_at_10_max": 0.368801,
        "nauc_ndcg_at_10_std": -0.055409,
        "nauc_ndcg_at_10_diff1": 0.431456,
        "nauc_ndcg_at_20_max": 0.371471,
        "nauc_ndcg_at_20_std": -0.042713,
        "nauc_ndcg_at_20_diff1": 0.436298,
        "nauc_ndcg_at_100_max": 0.365509,
        "nauc_ndcg_at_100_std": -0.042945,
        "nauc_ndcg_at_100_diff1": 0.441338,
        "nauc_ndcg_at_1000_max": 0.363914,
        "nauc_ndcg_at_1000_std": -0.047596,
        "nauc_ndcg_at_1000_diff1": 0.444803,
        "nauc_map_at_1_max": 0.375374,
        "nauc_map_at_1_std": -0.035104,
        "nauc_map_at_1_diff1": 0.512303,
        "nauc_map_at_3_max": 0.353367,
        "nauc_map_at_3_std": -0.066683,
        "nauc_map_at_3_diff1": 0.450221,
        "nauc_map_at_5_max": 0.356397,
        "nauc_map_at_5_std": -0.058268,
        "nauc_map_at_5_diff1": 0.453113,
        "nauc_map_at_10_max": 0.363116,
        "nauc_map_at_10_std": -0.054132,
        "nauc_map_at_10_diff1": 0.453697,
        "nauc_map_at_20_max": 0.363623,
        "nauc_map_at_20_std": -0.051344,
        "nauc_map_at_20_diff1": 0.455239,
        "nauc_map_at_100_max": 0.362867,
        "nauc_map_at_100_std": -0.051276,
        "nauc_map_at_100_diff1": 0.455735,
        "nauc_map_at_1000_max": 0.36284,
        "nauc_map_at_1000_std": -0.051358,
        "nauc_map_at_1000_diff1": 0.455827,
        "nauc_recall_at_1_max": 0.375374,
        "nauc_recall_at_1_std": -0.035104,
        "nauc_recall_at_1_diff1": 0.512303,
        "nauc_recall_at_3_max": 0.31309,
        "nauc_recall_at_3_std": -0.14673,
        "nauc_recall_at_3_diff1": 0.339242,
        "nauc_recall_at_5_max": 0.324515,
        "nauc_recall_at_5_std": -0.105252,
        "nauc_recall_at_5_diff1": 0.328304,
        "nauc_recall_at_10_max": 0.427325,
        "nauc_recall_at_10_std": -0.049221,
        "nauc_recall_at_10_diff1": 0.279261,
        "nauc_recall_at_20_max": 0.490472,
        "nauc_recall_at_20_std": 0.109027,
        "nauc_recall_at_20_diff1": 0.253226,
        "nauc_recall_at_100_max": 0.437516,
        "nauc_recall_at_100_std": 0.283758,
        "nauc_recall_at_100_diff1": 0.215433,
        "nauc_recall_at_1000_max": 0.21199,
        "nauc_recall_at_1000_std": 0.370193,
        "nauc_recall_at_1000_diff1": 0.193833,
        "nauc_precision_at_1_max": 0.375374,
        "nauc_precision_at_1_std": -0.035104,
        "nauc_precision_at_1_diff1": 0.512303,
        "nauc_precision_at_3_max": 0.31309,
        "nauc_precision_at_3_std": -0.14673,
        "nauc_precision_at_3_diff1": 0.339242,
        "nauc_precision_at_5_max": 0.324515,
        "nauc_precision_at_5_std": -0.105252,
        "nauc_precision_at_5_diff1": 0.328304,
        "nauc_precision_at_10_max": 0.427325,
        "nauc_precision_at_10_std": -0.049221,
        "nauc_precision_at_10_diff1": 0.279261,
        "nauc_precision_at_20_max": 0.490472,
        "nauc_precision_at_20_std": 0.109027,
        "nauc_precision_at_20_diff1": 0.253226,
        "nauc_precision_at_100_max": 0.437516,
        "nauc_precision_at_100_std": 0.283758,
        "nauc_precision_at_100_diff1": 0.215433,
        "nauc_precision_at_1000_max": 0.21199,
        "nauc_precision_at_1000_std": 0.370193,
        "nauc_precision_at_1000_diff1": 0.193833,
        "nauc_mrr_at_1_max": 0.375374,
        "nauc_mrr_at_1_std": -0.035104,
        "nauc_mrr_at_1_diff1": 0.512303,
        "nauc_mrr_at_3_max": 0.353778,
        "nauc_mrr_at_3_std": -0.066068,
        "nauc_mrr_at_3_diff1": 0.450594,
        "nauc_mrr_at_5_max": 0.356504,
        "nauc_mrr_at_5_std": -0.05808,
        "nauc_mrr_at_5_diff1": 0.45321,
        "nauc_mrr_at_10_max": 0.363225,
        "nauc_mrr_at_10_std": -0.053939,
        "nauc_mrr_at_10_diff1": 0.453797,
        "nauc_mrr_at_20_max": 0.363734,
        "nauc_mrr_at_20_std": -0.051149,
        "nauc_mrr_at_20_diff1": 0.455339,
        "nauc_mrr_at_100_max": 0.362978,
        "nauc_mrr_at_100_std": -0.051081,
        "nauc_mrr_at_100_diff1": 0.455836,
        "nauc_mrr_at_1000_max": 0.362951,
        "nauc_mrr_at_1000_std": -0.051162,
        "nauc_mrr_at_1000_diff1": 0.455928,
        "main_score": 0.6991,
        "hf_subset": "default",
        "languages": [
          "eng-Latn"
        ]
      }
    ]
  },
  "evaluation_time": 98.86284303665161,
  "kg_co2_emissions": null
}