{
  "dataset_revision": "ad9991cb51e31e31e430383c75ffb2885547b5f0",
  "task_name": "CQADupstackEnglishRetrieval",
  "mteb_version": "1.31.3",
  "scores": {
    "test": [
      {
        "ndcg_at_1": 0.40764,
        "ndcg_at_3": 0.45575,
        "ndcg_at_5": 0.47572,
        "ndcg_at_10": 0.49866,
        "ndcg_at_20": 0.51733,
        "ndcg_at_100": 0.54603,
        "ndcg_at_1000": 0.56506,
        "map_at_1": 0.32559,
        "map_at_3": 0.4083,
        "map_at_5": 0.42626,
        "map_at_10": 0.44,
        "map_at_20": 0.44737,
        "map_at_100": 0.45381,
        "map_at_1000": 0.4551,
        "recall_at_1": 0.32559,
        "recall_at_3": 0.47435,
        "recall_at_5": 0.53218,
        "recall_at_10": 0.6038,
        "recall_at_20": 0.6716,
        "recall_at_100": 0.79897,
        "recall_at_1000": 0.91589,
        "precision_at_1": 0.40764,
        "precision_at_3": 0.22208,
        "precision_at_5": 0.15643,
        "precision_at_10": 0.09363,
        "precision_at_20": 0.055,
        "precision_at_100": 0.01522,
        "precision_at_1000": 0.002,
        "mrr_at_1": 0.407643,
        "mrr_at_3": 0.475796,
        "mrr_at_5": 0.489841,
        "mrr_at_10": 0.498777,
        "mrr_at_20": 0.502695,
        "mrr_at_100": 0.505629,
        "mrr_at_1000": 0.506043,
        "nauc_ndcg_at_1_max": 0.506919,
        "nauc_ndcg_at_1_std": 0.005921,
        "nauc_ndcg_at_1_diff1": 0.592323,
        "nauc_ndcg_at_3_max": 0.510611,
        "nauc_ndcg_at_3_std": -0.002324,
        "nauc_ndcg_at_3_diff1": 0.53759,
        "nauc_ndcg_at_5_max": 0.521326,
        "nauc_ndcg_at_5_std": 0.004611,
        "nauc_ndcg_at_5_diff1": 0.532412,
        "nauc_ndcg_at_10_max": 0.520408,
        "nauc_ndcg_at_10_std": 0.016964,
        "nauc_ndcg_at_10_diff1": 0.527608,
        "nauc_ndcg_at_20_max": 0.523099,
        "nauc_ndcg_at_20_std": 0.028568,
        "nauc_ndcg_at_20_diff1": 0.528771,
        "nauc_ndcg_at_100_max": 0.526283,
        "nauc_ndcg_at_100_std": 0.057295,
        "nauc_ndcg_at_100_diff1": 0.524121,
        "nauc_ndcg_at_1000_max": 0.524519,
        "nauc_ndcg_at_1000_std": 0.051535,
        "nauc_ndcg_at_1000_diff1": 0.53092,
        "nauc_map_at_1_max": 0.438572,
        "nauc_map_at_1_std": -0.056383,
        "nauc_map_at_1_diff1": 0.598942,
        "nauc_map_at_3_max": 0.481549,
        "nauc_map_at_3_std": -0.042131,
        "nauc_map_at_3_diff1": 0.554719,
        "nauc_map_at_5_max": 0.498496,
        "nauc_map_at_5_std": -0.02648,
        "nauc_map_at_5_diff1": 0.553069,
        "nauc_map_at_10_max": 0.502426,
        "nauc_map_at_10_std": -0.014637,
        "nauc_map_at_10_diff1": 0.549394,
        "nauc_map_at_20_max": 0.506507,
        "nauc_map_at_20_std": -0.006556,
        "nauc_map_at_20_diff1": 0.549667,
        "nauc_map_at_100_max": 0.509553,
        "nauc_map_at_100_std": 0.002824,
        "nauc_map_at_100_diff1": 0.548426,
        "nauc_map_at_1000_max": 0.509945,
        "nauc_map_at_1000_std": 0.003634,
        "nauc_map_at_1000_diff1": 0.5487,
        "nauc_recall_at_1_max": 0.438572,
        "nauc_recall_at_1_std": -0.056383,
        "nauc_recall_at_1_diff1": 0.598942,
        "nauc_recall_at_3_max": 0.475472,
        "nauc_recall_at_3_std": -0.041784,
        "nauc_recall_at_3_diff1": 0.490827,
        "nauc_recall_at_5_max": 0.502123,
        "nauc_recall_at_5_std": -0.008796,
        "nauc_recall_at_5_diff1": 0.468327,
        "nauc_recall_at_10_max": 0.495324,
        "nauc_recall_at_10_std": 0.027798,
        "nauc_recall_at_10_diff1": 0.441164,
        "nauc_recall_at_20_max": 0.502529,
        "nauc_recall_at_20_std": 0.081805,
        "nauc_recall_at_20_diff1": 0.428036,
        "nauc_recall_at_100_max": 0.536862,
        "nauc_recall_at_100_std": 0.297151,
        "nauc_recall_at_100_diff1": 0.365262,
        "nauc_recall_at_1000_max": 0.53763,
        "nauc_recall_at_1000_std": 0.373717,
        "nauc_recall_at_1000_diff1": 0.352381,
        "nauc_precision_at_1_max": 0.506919,
        "nauc_precision_at_1_std": 0.005921,
        "nauc_precision_at_1_diff1": 0.592323,
        "nauc_precision_at_3_max": 0.454975,
        "nauc_precision_at_3_std": 0.102409,
        "nauc_precision_at_3_diff1": 0.3218,
        "nauc_precision_at_5_max": 0.447291,
        "nauc_precision_at_5_std": 0.162756,
        "nauc_precision_at_5_diff1": 0.249783,
        "nauc_precision_at_10_max": 0.386255,
        "nauc_precision_at_10_std": 0.233703,
        "nauc_precision_at_10_diff1": 0.14778,
        "nauc_precision_at_20_max": 0.322343,
        "nauc_precision_at_20_std": 0.279824,
        "nauc_precision_at_20_diff1": 0.072703,
        "nauc_precision_at_100_max": 0.189625,
        "nauc_precision_at_100_std": 0.369678,
        "nauc_precision_at_100_diff1": -0.060844,
        "nauc_precision_at_1000_max": 0.077272,
        "nauc_precision_at_1000_std": 0.294896,
        "nauc_precision_at_1000_diff1": -0.066628,
        "nauc_mrr_at_1_max": 0.506919,
        "nauc_mrr_at_1_std": 0.005921,
        "nauc_mrr_at_1_diff1": 0.592323,
        "nauc_mrr_at_3_max": 0.522328,
        "nauc_mrr_at_3_std": 0.018065,
        "nauc_mrr_at_3_diff1": 0.549398,
        "nauc_mrr_at_5_max": 0.525659,
        "nauc_mrr_at_5_std": 0.024871,
        "nauc_mrr_at_5_diff1": 0.544819,
        "nauc_mrr_at_10_max": 0.523601,
        "nauc_mrr_at_10_std": 0.028395,
        "nauc_mrr_at_10_diff1": 0.543941,
        "nauc_mrr_at_20_max": 0.523357,
        "nauc_mrr_at_20_std": 0.029217,
        "nauc_mrr_at_20_diff1": 0.544641,
        "nauc_mrr_at_100_max": 0.523456,
        "nauc_mrr_at_100_std": 0.031532,
        "nauc_mrr_at_100_diff1": 0.544547,
        "nauc_mrr_at_1000_max": 0.523365,
        "nauc_mrr_at_1000_std": 0.03117,
        "nauc_mrr_at_1000_diff1": 0.544726,
        "main_score": 0.49866,
        "hf_subset": "default",
        "languages": [
          "eng-Latn"
        ]
      }
    ]
  },
  "evaluation_time": 915.7386972904205,
  "kg_co2_emissions": null
}