{
    "NDCG": {
        "NDCG@1": 0.45824,
        "NDCG@3": 0.59229,
        "NDCG@5": 0.62479,
        "NDCG@10": 0.64498
    },
    "MAP": {
        "MAP@1": 0.43782,
        "MAP@3": 0.55119,
        "MAP@5": 0.57028,
        "MAP@10": 0.57991
    },
    "Recall": {
        "Recall@1": 0.43782,
        "Recall@3": 0.68847,
        "Recall@5": 0.76503,
        "Recall@10": 0.82266
    },
    "Precision": {
        "P@1": 0.45824,
        "P@3": 0.24249,
        "P@5": 0.16286,
        "P@10": 0.08945
    },
    "Top-K Accuracy": {
        "Accuracy@1": 0.45824,
        "Accuracy@3": 0.71703,
        "Accuracy@5": 0.79341,
        "Accuracy@10": 0.84286
    }
}