{
    "NDCG": {
        "NDCG@1": 0.52198,
        "NDCG@3": 0.67536,
        "NDCG@5": 0.70439,
        "NDCG@10": 0.72525
    },
    "MAP": {
        "MAP@1": 0.50473,
        "MAP@3": 0.63021,
        "MAP@5": 0.64748,
        "MAP@10": 0.65783
    },
    "Recall": {
        "Recall@1": 0.50473,
        "Recall@3": 0.78275,
        "Recall@5": 0.85111,
        "Recall@10": 0.91026
    },
    "Precision": {
        "P@1": 0.52198,
        "P@3": 0.27491,
        "P@5": 0.1811,
        "P@10": 0.09885
    },
    "Top-K Accuracy": {
        "Accuracy@1": 0.52198,
        "Accuracy@3": 0.81429,
        "Accuracy@5": 0.87967,
        "Accuracy@10": 0.92802
    }
}