{
    "NDCG": {
        "NDCG@1": 0.5956,
        "NDCG@3": 0.7189,
        "NDCG@5": 0.74204,
        "NDCG@10": 0.75845
    },
    "MAP": {
        "MAP@1": 0.57538,
        "MAP@3": 0.68028,
        "MAP@5": 0.69503,
        "MAP@10": 0.7033
    },
    "Recall": {
        "Recall@1": 0.57538,
        "Recall@3": 0.8072,
        "Recall@5": 0.86092,
        "Recall@10": 0.90799
    },
    "Precision": {
        "P@1": 0.5956,
        "P@3": 0.28535,
        "P@5": 0.18473,
        "P@10": 0.0989
    },
    "Top-K Accuracy": {
        "Accuracy@1": 0.5956,
        "Accuracy@3": 0.83736,
        "Accuracy@5": 0.88407,
        "Accuracy@10": 0.92033
    }
}