{
    "NDCG": {
        "NDCG@1": 0.76044,
        "NDCG@3": 0.83127,
        "NDCG@5": 0.84778,
        "NDCG@10": 0.85926
    },
    "MAP": {
        "MAP@1": 0.73467,
        "MAP@3": 0.80624,
        "MAP@5": 0.81713,
        "MAP@10": 0.82305
    },
    "Recall": {
        "Recall@1": 0.73467,
        "Recall@3": 0.88073,
        "Recall@5": 0.91837,
        "Recall@10": 0.95127
    },
    "Precision": {
        "P@1": 0.76044,
        "P@3": 0.31117,
        "P@5": 0.19714,
        "P@10": 0.10357
    },
    "Top-K Accuracy": {
        "Accuracy@1": 0.76044,
        "Accuracy@3": 0.90714,
        "Accuracy@5": 0.93846,
        "Accuracy@10": 0.96209
    }
}