{
  "dataset_revision": "ae763399273d8b20506b80cf6f6f9a31a6a2b238",
  "task_name": "MedicalQARetrieval",
  "mteb_version": "1.31.3",
  "scores": {
    "test": [
      {
        "ndcg_at_1": 0.40381,
        "ndcg_at_3": 0.54678,
        "ndcg_at_5": 0.57911,
        "ndcg_at_10": 0.60299,
        "ndcg_at_20": 0.61796,
        "ndcg_at_100": 0.63046,
        "ndcg_at_1000": 0.63889,
        "map_at_1": 0.40381,
        "map_at_3": 0.5118,
        "map_at_5": 0.52994,
        "map_at_10": 0.5399,
        "map_at_20": 0.5441,
        "map_at_100": 0.5459,
        "map_at_1000": 0.54621,
        "recall_at_1": 0.40381,
        "recall_at_3": 0.64795,
        "recall_at_5": 0.72559,
        "recall_at_10": 0.79883,
        "recall_at_20": 0.85742,
        "recall_at_100": 0.92383,
        "recall_at_1000": 0.99072,
        "precision_at_1": 0.40381,
        "precision_at_3": 0.21598,
        "precision_at_5": 0.14512,
        "precision_at_10": 0.07988,
        "precision_at_20": 0.04287,
        "precision_at_100": 0.00924,
        "precision_at_1000": 0.00099,
        "mrr_at_1": 0.404297,
        "mrr_at_3": 0.512126,
        "mrr_at_5": 0.530436,
        "mrr_at_10": 0.540236,
        "mrr_at_20": 0.544437,
        "mrr_at_100": 0.546238,
        "mrr_at_1000": 0.546543,
        "nauc_ndcg_at_1_max": 0.295955,
        "nauc_ndcg_at_1_std": -0.027761,
        "nauc_ndcg_at_1_diff1": 0.386809,
        "nauc_ndcg_at_3_max": 0.303177,
        "nauc_ndcg_at_3_std": -0.051759,
        "nauc_ndcg_at_3_diff1": 0.305892,
        "nauc_ndcg_at_5_max": 0.317522,
        "nauc_ndcg_at_5_std": -0.050728,
        "nauc_ndcg_at_5_diff1": 0.304519,
        "nauc_ndcg_at_10_max": 0.330227,
        "nauc_ndcg_at_10_std": -0.030693,
        "nauc_ndcg_at_10_diff1": 0.304205,
        "nauc_ndcg_at_20_max": 0.332032,
        "nauc_ndcg_at_20_std": -0.018259,
        "nauc_ndcg_at_20_diff1": 0.303281,
        "nauc_ndcg_at_100_max": 0.328363,
        "nauc_ndcg_at_100_std": -0.010596,
        "nauc_ndcg_at_100_diff1": 0.30527,
        "nauc_ndcg_at_1000_max": 0.320867,
        "nauc_ndcg_at_1000_std": -0.021846,
        "nauc_ndcg_at_1000_diff1": 0.311589,
        "nauc_map_at_1_max": 0.295955,
        "nauc_map_at_1_std": -0.027761,
        "nauc_map_at_1_diff1": 0.386809,
        "nauc_map_at_3_max": 0.301062,
        "nauc_map_at_3_std": -0.044704,
        "nauc_map_at_3_diff1": 0.326095,
        "nauc_map_at_5_max": 0.308721,
        "nauc_map_at_5_std": -0.04403,
        "nauc_map_at_5_diff1": 0.326026,
        "nauc_map_at_10_max": 0.313295,
        "nauc_map_at_10_std": -0.036662,
        "nauc_map_at_10_diff1": 0.326424,
        "nauc_map_at_20_max": 0.313727,
        "nauc_map_at_20_std": -0.033869,
        "nauc_map_at_20_diff1": 0.326486,
        "nauc_map_at_100_max": 0.31328,
        "nauc_map_at_100_std": -0.032352,
        "nauc_map_at_100_diff1": 0.326626,
        "nauc_map_at_1000_max": 0.312981,
        "nauc_map_at_1000_std": -0.032657,
        "nauc_map_at_1000_diff1": 0.326825,
        "nauc_recall_at_1_max": 0.295955,
        "nauc_recall_at_1_std": -0.027761,
        "nauc_recall_at_1_diff1": 0.386809,
        "nauc_recall_at_3_max": 0.310307,
        "nauc_recall_at_3_std": -0.07556,
        "nauc_recall_at_3_diff1": 0.239271,
        "nauc_recall_at_5_max": 0.35382,
        "nauc_recall_at_5_std": -0.076535,
        "nauc_recall_at_5_diff1": 0.222245,
        "nauc_recall_at_10_max": 0.423064,
        "nauc_recall_at_10_std": 0.012084,
        "nauc_recall_at_10_diff1": 0.1975,
        "nauc_recall_at_20_max": 0.468223,
        "nauc_recall_at_20_std": 0.12712,
        "nauc_recall_at_20_diff1": 0.150279,
        "nauc_recall_at_100_max": 0.505048,
        "nauc_recall_at_100_std": 0.344779,
        "nauc_recall_at_100_diff1": 0.07705,
        "nauc_recall_at_1000_max": 0.29393,
        "nauc_recall_at_1000_std": 0.421157,
        "nauc_recall_at_1000_diff1": -0.184069,
        "nauc_precision_at_1_max": 0.295955,
        "nauc_precision_at_1_std": -0.027761,
        "nauc_precision_at_1_diff1": 0.386809,
        "nauc_precision_at_3_max": 0.310307,
        "nauc_precision_at_3_std": -0.07556,
        "nauc_precision_at_3_diff1": 0.239271,
        "nauc_precision_at_5_max": 0.35382,
        "nauc_precision_at_5_std": -0.076535,
        "nauc_precision_at_5_diff1": 0.222245,
        "nauc_precision_at_10_max": 0.423064,
        "nauc_precision_at_10_std": 0.012084,
        "nauc_precision_at_10_diff1": 0.1975,
        "nauc_precision_at_20_max": 0.468223,
        "nauc_precision_at_20_std": 0.12712,
        "nauc_precision_at_20_diff1": 0.150279,
        "nauc_precision_at_100_max": 0.505048,
        "nauc_precision_at_100_std": 0.344779,
        "nauc_precision_at_100_diff1": 0.07705,
        "nauc_precision_at_1000_max": 0.29393,
        "nauc_precision_at_1000_std": 0.421157,
        "nauc_precision_at_1000_diff1": -0.184069,
        "nauc_mrr_at_1_max": 0.29738,
        "nauc_mrr_at_1_std": -0.02727,
        "nauc_mrr_at_1_diff1": 0.385525,
        "nauc_mrr_at_3_max": 0.301557,
        "nauc_mrr_at_3_std": -0.044973,
        "nauc_mrr_at_3_diff1": 0.325172,
        "nauc_mrr_at_5_max": 0.308949,
        "nauc_mrr_at_5_std": -0.044027,
        "nauc_mrr_at_5_diff1": 0.324752,
        "nauc_mrr_at_10_max": 0.313861,
        "nauc_mrr_at_10_std": -0.036654,
        "nauc_mrr_at_10_diff1": 0.325446,
        "nauc_mrr_at_20_max": 0.314309,
        "nauc_mrr_at_20_std": -0.033852,
        "nauc_mrr_at_20_diff1": 0.325503,
        "nauc_mrr_at_100_max": 0.313864,
        "nauc_mrr_at_100_std": -0.032339,
        "nauc_mrr_at_100_diff1": 0.325639,
        "nauc_mrr_at_1000_max": 0.313566,
        "nauc_mrr_at_1000_std": -0.032644,
        "nauc_mrr_at_1000_diff1": 0.325837,
        "main_score": 0.60299,
        "hf_subset": "default",
        "languages": [
          "eng-Latn"
        ]
      }
    ]
  },
  "evaluation_time": 6.551856994628906,
  "kg_co2_emissions": null
}