{
    "NDCG": {
        "NDCG@1": 0.73983,
        "NDCG@3": 0.82545,
        "NDCG@5": 0.84205,
        "NDCG@10": 0.85316
    },
    "MAP": {
        "MAP@1": 0.73983,
        "MAP@3": 0.80515,
        "MAP@5": 0.81425,
        "MAP@10": 0.81904
    },
    "Recall": {
        "Recall@1": 0.73983,
        "Recall@3": 0.88392,
        "Recall@5": 0.92462,
        "Recall@10": 0.95797
    },
    "Precision": {
        "P@1": 0.73983,
        "P@3": 0.29486,
        "P@5": 0.18506,
        "P@10": 0.09586
    },
    "Top-K Accuracy": {
        "Accuracy@1": 0.73983,
        "Accuracy@3": 0.88392,
        "Accuracy@5": 0.92462,
        "Accuracy@10": 0.95797
    }
}