{
    "NDCG": {
        "NDCG@1": 0.66177,
        "NDCG@3": 0.76096,
        "NDCG@5": 0.78163,
        "NDCG@10": 0.79562
    },
    "MAP": {
        "MAP@1": 0.66144,
        "MAP@3": 0.73682,
        "MAP@5": 0.74833,
        "MAP@10": 0.75433
    },
    "Recall": {
        "Recall@1": 0.66144,
        "Recall@3": 0.83055,
        "Recall@5": 0.88059,
        "Recall@10": 0.92262
    },
    "Precision": {
        "P@1": 0.66177,
        "P@3": 0.27707,
        "P@5": 0.17625,
        "P@10": 0.09233
    },
    "Top-K Accuracy": {
        "Accuracy@1": 0.66177,
        "Accuracy@3": 0.83055,
        "Accuracy@5": 0.88059,
        "Accuracy@10": 0.92262
    }
}