{
    "NDCG": {
        "NDCG@1": 0.0,
        "NDCG@3": 0.36533,
        "NDCG@5": 0.4001,
        "NDCG@10": 0.42663
    },
    "MAP": {
        "MAP@1": 0.0,
        "MAP@3": 0.28263,
        "MAP@5": 0.30201,
        "MAP@10": 0.31321
    },
    "Recall": {
        "Recall@1": 0.0,
        "Recall@3": 0.60173,
        "Recall@5": 0.68579,
        "Recall@10": 0.76651
    },
    "Precision": {
        "P@1": 0.0,
        "P@3": 0.20058,
        "P@5": 0.13716,
        "P@10": 0.07665
    },
    "Top-K Accuracy": {
        "Accuracy@1": 0.0,
        "Accuracy@3": 0.60173,
        "Accuracy@5": 0.68579,
        "Accuracy@10": 0.76651
    }
}