{
  "dataset_revision": "ad9991cb51e31e31e430383c75ffb2885547b5f0",
  "task_name": "CQADupstackEnglishRetrieval",
  "mteb_version": "1.31.3",
  "scores": {
    "test": [
      {
        "ndcg_at_1": 0.3949,
        "ndcg_at_3": 0.43649,
        "ndcg_at_5": 0.45885,
        "ndcg_at_10": 0.47776,
        "ndcg_at_20": 0.49763,
        "ndcg_at_100": 0.52705,
        "ndcg_at_1000": 0.54831,
        "map_at_1": 0.31181,
        "map_at_3": 0.38668,
        "map_at_5": 0.40559,
        "map_at_10": 0.41802,
        "map_at_20": 0.42629,
        "map_at_100": 0.43294,
        "map_at_1000": 0.43438,
        "recall_at_1": 0.31181,
        "recall_at_3": 0.45255,
        "recall_at_5": 0.5146,
        "recall_at_10": 0.57714,
        "recall_at_20": 0.64917,
        "recall_at_100": 0.78342,
        "recall_at_1000": 0.91586,
        "precision_at_1": 0.3949,
        "precision_at_3": 0.2138,
        "precision_at_5": 0.1535,
        "precision_at_10": 0.09121,
        "precision_at_20": 0.05449,
        "precision_at_100": 0.01504,
        "precision_at_1000": 0.002,
        "mrr_at_1": 0.394904,
        "mrr_at_3": 0.461359,
        "mrr_at_5": 0.476136,
        "mrr_at_10": 0.483812,
        "mrr_at_20": 0.488095,
        "mrr_at_100": 0.490935,
        "mrr_at_1000": 0.491432,
        "nauc_ndcg_at_1_max": 0.450607,
        "nauc_ndcg_at_1_std": -0.057378,
        "nauc_ndcg_at_1_diff1": 0.52275,
        "nauc_ndcg_at_3_max": 0.466187,
        "nauc_ndcg_at_3_std": -0.053996,
        "nauc_ndcg_at_3_diff1": 0.485283,
        "nauc_ndcg_at_5_max": 0.464825,
        "nauc_ndcg_at_5_std": -0.052096,
        "nauc_ndcg_at_5_diff1": 0.470326,
        "nauc_ndcg_at_10_max": 0.471864,
        "nauc_ndcg_at_10_std": -0.04226,
        "nauc_ndcg_at_10_diff1": 0.47054,
        "nauc_ndcg_at_20_max": 0.481905,
        "nauc_ndcg_at_20_std": -0.02739,
        "nauc_ndcg_at_20_diff1": 0.474349,
        "nauc_ndcg_at_100_max": 0.487348,
        "nauc_ndcg_at_100_std": -0.003693,
        "nauc_ndcg_at_100_diff1": 0.46914,
        "nauc_ndcg_at_1000_max": 0.485607,
        "nauc_ndcg_at_1000_std": -0.004013,
        "nauc_ndcg_at_1000_diff1": 0.469631,
        "nauc_map_at_1_max": 0.372494,
        "nauc_map_at_1_std": -0.139779,
        "nauc_map_at_1_diff1": 0.548966,
        "nauc_map_at_3_max": 0.429143,
        "nauc_map_at_3_std": -0.108692,
        "nauc_map_at_3_diff1": 0.508914,
        "nauc_map_at_5_max": 0.437714,
        "nauc_map_at_5_std": -0.098136,
        "nauc_map_at_5_diff1": 0.498983,
        "nauc_map_at_10_max": 0.448072,
        "nauc_map_at_10_std": -0.085608,
        "nauc_map_at_10_diff1": 0.497383,
        "nauc_map_at_20_max": 0.454435,
        "nauc_map_at_20_std": -0.075685,
        "nauc_map_at_20_diff1": 0.496871,
        "nauc_map_at_100_max": 0.459734,
        "nauc_map_at_100_std": -0.065539,
        "nauc_map_at_100_diff1": 0.494846,
        "nauc_map_at_1000_max": 0.46008,
        "nauc_map_at_1000_std": -0.064397,
        "nauc_map_at_1000_diff1": 0.494435,
        "nauc_recall_at_1_max": 0.372494,
        "nauc_recall_at_1_std": -0.139779,
        "nauc_recall_at_1_diff1": 0.548966,
        "nauc_recall_at_3_max": 0.435201,
        "nauc_recall_at_3_std": -0.091498,
        "nauc_recall_at_3_diff1": 0.456276,
        "nauc_recall_at_5_max": 0.43644,
        "nauc_recall_at_5_std": -0.06476,
        "nauc_recall_at_5_diff1": 0.40948,
        "nauc_recall_at_10_max": 0.451538,
        "nauc_recall_at_10_std": -0.019505,
        "nauc_recall_at_10_diff1": 0.391489,
        "nauc_recall_at_20_max": 0.488468,
        "nauc_recall_at_20_std": 0.044046,
        "nauc_recall_at_20_diff1": 0.392361,
        "nauc_recall_at_100_max": 0.525805,
        "nauc_recall_at_100_std": 0.214692,
        "nauc_recall_at_100_diff1": 0.328159,
        "nauc_recall_at_1000_max": 0.603367,
        "nauc_recall_at_1000_std": 0.432268,
        "nauc_recall_at_1000_diff1": 0.262445,
        "nauc_precision_at_1_max": 0.450607,
        "nauc_precision_at_1_std": -0.057378,
        "nauc_precision_at_1_diff1": 0.52275,
        "nauc_precision_at_3_max": 0.481918,
        "nauc_precision_at_3_std": 0.106912,
        "nauc_precision_at_3_diff1": 0.292766,
        "nauc_precision_at_5_max": 0.438377,
        "nauc_precision_at_5_std": 0.169492,
        "nauc_precision_at_5_diff1": 0.186308,
        "nauc_precision_at_10_max": 0.408526,
        "nauc_precision_at_10_std": 0.244999,
        "nauc_precision_at_10_diff1": 0.098702,
        "nauc_precision_at_20_max": 0.367532,
        "nauc_precision_at_20_std": 0.319194,
        "nauc_precision_at_20_diff1": 0.02912,
        "nauc_precision_at_100_max": 0.260141,
        "nauc_precision_at_100_std": 0.411044,
        "nauc_precision_at_100_diff1": -0.10375,
        "nauc_precision_at_1000_max": 0.103867,
        "nauc_precision_at_1000_std": 0.338471,
        "nauc_precision_at_1000_diff1": -0.184828,
        "nauc_mrr_at_1_max": 0.450607,
        "nauc_mrr_at_1_std": -0.057378,
        "nauc_mrr_at_1_diff1": 0.52275,
        "nauc_mrr_at_3_max": 0.473036,
        "nauc_mrr_at_3_std": -0.032957,
        "nauc_mrr_at_3_diff1": 0.488599,
        "nauc_mrr_at_5_max": 0.473112,
        "nauc_mrr_at_5_std": -0.02582,
        "nauc_mrr_at_5_diff1": 0.479586,
        "nauc_mrr_at_10_max": 0.474373,
        "nauc_mrr_at_10_std": -0.022592,
        "nauc_mrr_at_10_diff1": 0.479402,
        "nauc_mrr_at_20_max": 0.475587,
        "nauc_mrr_at_20_std": -0.020344,
        "nauc_mrr_at_20_diff1": 0.480362,
        "nauc_mrr_at_100_max": 0.475359,
        "nauc_mrr_at_100_std": -0.019429,
        "nauc_mrr_at_100_diff1": 0.480232,
        "nauc_mrr_at_1000_max": 0.475312,
        "nauc_mrr_at_1000_std": -0.019557,
        "nauc_mrr_at_1000_diff1": 0.480333,
        "main_score": 0.47776,
        "hf_subset": "default",
        "languages": [
          "eng-Latn"
        ]
      }
    ]
  },
  "evaluation_time": 68.57469511032104,
  "kg_co2_emissions": null
}