{
    "NDCG": {
        "NDCG@1": 0.38025,
        "NDCG@3": 0.40742,
        "NDCG@5": 0.42999,
        "NDCG@10": 0.44803
    },
    "MAP": {
        "MAP@1": 0.29252,
        "MAP@3": 0.36016,
        "MAP@5": 0.37953,
        "MAP@10": 0.39099
    },
    "Recall": {
        "Recall@1": 0.29252,
        "Recall@3": 0.41601,
        "Recall@5": 0.47939,
        "Recall@10": 0.53963
    },
    "Precision": {
        "P@1": 0.38025,
        "P@3": 0.19915,
        "P@5": 0.14471,
        "P@10": 0.08624
    },
    "Top-K Accuracy": {
        "Accuracy@1": 0.38025,
        "Accuracy@3": 0.50828,
        "Accuracy@5": 0.57134,
        "Accuracy@10": 0.6293
    }
}