{
    "NDCG": {
        "NDCG@1": 0.40828,
        "NDCG@3": 0.45,
        "NDCG@5": 0.4673,
        "NDCG@10": 0.48661
    },
    "MAP": {
        "MAP@1": 0.31981,
        "MAP@3": 0.40043,
        "MAP@5": 0.41662,
        "MAP@10": 0.42938
    },
    "Recall": {
        "Recall@1": 0.31981,
        "Recall@3": 0.46543,
        "Recall@5": 0.5153,
        "Recall@10": 0.57891
    },
    "Precision": {
        "P@1": 0.40828,
        "P@3": 0.22208,
        "P@5": 0.15669,
        "P@10": 0.09382
    },
    "Top-K Accuracy": {
        "Accuracy@1": 0.40828,
        "Accuracy@3": 0.55287,
        "Accuracy@5": 0.60382,
        "Accuracy@10": 0.66369
    }
}