{
    "NDCG": {
        "NDCG@1": 0.46051,
        "NDCG@3": 0.50245,
        "NDCG@5": 0.51601,
        "NDCG@10": 0.53792
    },
    "MAP": {
        "MAP@1": 0.36274,
        "MAP@3": 0.44982,
        "MAP@5": 0.46558,
        "MAP@10": 0.4799
    },
    "Recall": {
        "Recall@1": 0.36274,
        "Recall@3": 0.51475,
        "Recall@5": 0.56187,
        "Recall@10": 0.63089
    },
    "Precision": {
        "P@1": 0.46051,
        "P@3": 0.24607,
        "P@5": 0.16866,
        "P@10": 0.10127
    },
    "Top-K Accuracy": {
        "Accuracy@1": 0.46051,
        "Accuracy@3": 0.60955,
        "Accuracy@5": 0.64968,
        "Accuracy@10": 0.7121
    }
}