{
    "NDCG": {
        "NDCG@1": 0.39936,
        "NDCG@3": 0.42879,
        "NDCG@5": 0.44577,
        "NDCG@10": 0.46245
    },
    "MAP": {
        "MAP@1": 0.31422,
        "MAP@3": 0.38389,
        "MAP@5": 0.40014,
        "MAP@10": 0.41112
    },
    "Recall": {
        "Recall@1": 0.31422,
        "Recall@3": 0.4398,
        "Recall@5": 0.49003,
        "Recall@10": 0.54374
    },
    "Precision": {
        "P@1": 0.39936,
        "P@3": 0.20701,
        "P@5": 0.14548,
        "P@10": 0.08573
    },
    "Top-K Accuracy": {
        "Accuracy@1": 0.39936,
        "Accuracy@3": 0.52675,
        "Accuracy@5": 0.57452,
        "Accuracy@10": 0.62611
    }
}