{
    "NDCG": {
        "NDCG@1": 0.77867,
        "NDCG@3": 0.86359,
        "NDCG@5": 0.87885,
        "NDCG@10": 0.88737
    },
    "MAP": {
        "MAP@1": 0.77867,
        "MAP@3": 0.84311,
        "MAP@5": 0.85168,
        "MAP@10": 0.85538
    },
    "Recall": {
        "Recall@1": 0.77867,
        "Recall@3": 0.92267,
        "Recall@5": 0.95933,
        "Recall@10": 0.98467
    },
    "Precision": {
        "P@1": 0.77867,
        "P@3": 0.30756,
        "P@5": 0.19187,
        "P@10": 0.09847
    },
    "Top-K Accuracy": {
        "Accuracy@1": 0.77867,
        "Accuracy@3": 0.92267,
        "Accuracy@5": 0.95933,
        "Accuracy@10": 0.98467
    }
}