{
    "NDCG": {
        "NDCG@1": 0.77133,
        "NDCG@3": 0.85818,
        "NDCG@5": 0.87215,
        "NDCG@10": 0.88283
    },
    "MAP": {
        "MAP@1": 0.77133,
        "MAP@3": 0.83722,
        "MAP@5": 0.84496,
        "MAP@10": 0.84943
    },
    "Recall": {
        "Recall@1": 0.77133,
        "Recall@3": 0.91867,
        "Recall@5": 0.95267,
        "Recall@10": 0.98533
    },
    "Precision": {
        "P@1": 0.77133,
        "P@3": 0.30622,
        "P@5": 0.19053,
        "P@10": 0.09853
    },
    "Top-K Accuracy": {
        "Accuracy@1": 0.77133,
        "Accuracy@3": 0.91867,
        "Accuracy@5": 0.95267,
        "Accuracy@10": 0.98533
    }
}