{
    "NDCG": {
        "NDCG@1": 0.84133,
        "NDCG@3": 0.90555,
        "NDCG@5": 0.91868,
        "NDCG@10": 0.9231
    },
    "MAP": {
        "MAP@1": 0.84133,
        "MAP@3": 0.89033,
        "MAP@5": 0.8976,
        "MAP@10": 0.89948
    },
    "Recall": {
        "Recall@1": 0.84133,
        "Recall@3": 0.94933,
        "Recall@5": 0.98133,
        "Recall@10": 0.99467
    },
    "Precision": {
        "P@1": 0.84133,
        "P@3": 0.31644,
        "P@5": 0.19627,
        "P@10": 0.09947
    },
    "Top-K Accuracy": {
        "Accuracy@1": 0.84133,
        "Accuracy@3": 0.94933,
        "Accuracy@5": 0.98133,
        "Accuracy@10": 0.99467
    }
}