{
    "NDCG": {
        "NDCG@1": 0.79733,
        "NDCG@3": 0.87119,
        "NDCG@5": 0.88476,
        "NDCG@10": 0.89496
    },
    "MAP": {
        "MAP@1": 0.79733,
        "MAP@3": 0.85356,
        "MAP@5": 0.86116,
        "MAP@10": 0.86553
    },
    "Recall": {
        "Recall@1": 0.79733,
        "Recall@3": 0.922,
        "Recall@5": 0.95467,
        "Recall@10": 0.98533
    },
    "Precision": {
        "P@1": 0.79733,
        "P@3": 0.30733,
        "P@5": 0.19093,
        "P@10": 0.09853
    },
    "Top-K Accuracy": {
        "Accuracy@1": 0.79733,
        "Accuracy@3": 0.922,
        "Accuracy@5": 0.95467,
        "Accuracy@10": 0.98533
    }
}