{
    "NDCG": {
        "NDCG@1": 0.85867,
        "NDCG@3": 0.91743,
        "NDCG@5": 0.9275,
        "NDCG@10": 0.93148
    },
    "MAP": {
        "MAP@1": 0.85867,
        "MAP@3": 0.90356,
        "MAP@5": 0.90909,
        "MAP@10": 0.9108
    },
    "Recall": {
        "Recall@1": 0.85867,
        "Recall@3": 0.95733,
        "Recall@5": 0.982,
        "Recall@10": 0.994
    },
    "Precision": {
        "P@1": 0.85867,
        "P@3": 0.31911,
        "P@5": 0.1964,
        "P@10": 0.0994
    },
    "Top-K Accuracy": {
        "Accuracy@1": 0.85867,
        "Accuracy@3": 0.95733,
        "Accuracy@5": 0.982,
        "Accuracy@10": 0.994
    }
}