{
    "NDCG": {
        "NDCG@1": 0.81,
        "NDCG@3": 0.87597,
        "NDCG@5": 0.89206,
        "NDCG@10": 0.90073
    },
    "MAP": {
        "MAP@1": 0.81,
        "MAP@3": 0.86022,
        "MAP@5": 0.86926,
        "MAP@10": 0.87311
    },
    "Recall": {
        "Recall@1": 0.81,
        "Recall@3": 0.92133,
        "Recall@5": 0.96,
        "Recall@10": 0.98533
    },
    "Precision": {
        "P@1": 0.81,
        "P@3": 0.30711,
        "P@5": 0.192,
        "P@10": 0.09853
    },
    "Top-K Accuracy": {
        "Accuracy@1": 0.81,
        "Accuracy@3": 0.92133,
        "Accuracy@5": 0.96,
        "Accuracy@10": 0.98533
    }
}